Metric,Value
Revenue,169032340.94
Profit,63464159.94
Orders,91668
Customers,9999
Units Sold,328363
Average Order Value,1844.1031729961487
Gross Margin,0.37545572395833615
Revenue Per Customer,16904.924586458645
Revenue Per Store,3380646.8188
Repeat Customer Rate,0.9992999299929993
Average CLV,16903.234093999996
Return Rate,0.07636252563599075
Top Category,Sports
Highest Margin Category,Clothing
