Metric,Value
Revenue,169032340.94
Profit,63464159.94
Orders,91668.0
Customers,9999.0
Units Sold,328363.0
Average Order Value,1844.1031729961487
Gross Margin,0.37545572395833615
Return Rate,0.07636252563599075
Repeat Customer Rate,0.9992999299929993
